CREATE SCHEMA IF NOT EXISTS ums;

CREATE TABLE ums.user (
    id SERIAL PRIMARY KEY,
    name VARCHAR(100) NOT NULL,
    gender VARCHAR(10) CHECK (gender IN ('male', 'female', 'other')) NOT NULL
);


CREATE SCHEMA IF NOT EXISTS booking;

CREATE TABLE booking.booking (
    id SERIAL PRIMARY KEY,
    checkin_date DATE NOT NULL,
    checkout_date DATE NOT NULL,
    user_id INTEGER NOT NULL,
    FOREIGN KEY (user_id) REFERENCES ums.user(id) ON DELETE CASCADE
);


CREATE SCHEMA IF NOT EXISTS notification;

CREATE TABLE notification.user_token (
    id SERIAL PRIMARY KEY,
    user_id INTEGER NOT NULL,
    fcm_token TEXT NOT NULL,
    FOREIGN KEY (user_id) REFERENCES ums.user(id) ON DELETE CASCADE
);




INSERT INTO ums.user (id, name, gender) VALUES (1, 'Norma Fisher', 'female');
INSERT INTO ums.user (id, name, gender) VALUES (2, 'Jorge Sullivan', 'female');
INSERT INTO ums.user (id, name, gender) VALUES (3, 'Elizabeth Woods', 'male');
INSERT INTO ums.user (id, name, gender) VALUES (4, 'Susan Wagner', 'female');
INSERT INTO ums.user (id, name, gender) VALUES (5, 'Peter Montgomery', 'other');
INSERT INTO ums.user (id, name, gender) VALUES (6, 'Theodore Mcgrath', 'female');
INSERT INTO ums.user (id, name, gender) VALUES (7, 'Stephanie Collins', 'female');
INSERT INTO ums.user (id, name, gender) VALUES (8, 'Stephanie Sutton', 'female');
INSERT INTO ums.user (id, name, gender) VALUES (9, 'Brian Hamilton', 'female');
INSERT INTO ums.user (id, name, gender) VALUES (10, 'Susan Levy', 'female');
INSERT INTO ums.user (id, name, gender) VALUES (11, 'Sean Green', 'other');
INSERT INTO ums.user (id, name, gender) VALUES (12, 'Kimberly Smith', 'male');
INSERT INTO ums.user (id, name, gender) VALUES (13, 'Jennifer Summers', 'other');
INSERT INTO ums.user (id, name, gender) VALUES (14, 'April Snyder', 'male');
INSERT INTO ums.user (id, name, gender) VALUES (15, 'Dana Nguyen', 'female');
INSERT INTO ums.user (id, name, gender) VALUES (16, 'Cheryl Bradley', 'male');
INSERT INTO ums.user (id, name, gender) VALUES (17, 'Walter Pratt', 'male');
INSERT INTO ums.user (id, name, gender) VALUES (18, 'Bobby Flores', 'other');
INSERT INTO ums.user (id, name, gender) VALUES (19, 'Tasha Rodriguez', 'female');
INSERT INTO ums.user (id, name, gender) VALUES (20, 'Michelle Kelley', 'other');
INSERT INTO ums.user (id, name, gender) VALUES (21, 'Kimberly Maynard', 'other');
INSERT INTO ums.user (id, name, gender) VALUES (22, 'Laurie Wallace', 'other');
INSERT INTO ums.user (id, name, gender) VALUES (23, 'Janice Johnston', 'male');
INSERT INTO ums.user (id, name, gender) VALUES (24, 'Collin Lopez', 'female');
INSERT INTO ums.user (id, name, gender) VALUES (25, 'Mary Alvarez', 'male');
INSERT INTO ums.user (id, name, gender) VALUES (26, 'Peter Mcdowell', 'other');
INSERT INTO ums.user (id, name, gender) VALUES (27, 'Sarah Villanueva', 'male');
INSERT INTO ums.user (id, name, gender) VALUES (28, 'Kimberly Myers', 'other');
INSERT INTO ums.user (id, name, gender) VALUES (29, 'Desiree Cain', 'female');
INSERT INTO ums.user (id, name, gender) VALUES (30, 'Stephanie Lawrence', 'female');
INSERT INTO ums.user (id, name, gender) VALUES (31, 'Lauren Hayes', 'other');
INSERT INTO ums.user (id, name, gender) VALUES (32, 'Whitney Stark', 'male');
INSERT INTO ums.user (id, name, gender) VALUES (33, 'Angela Salazar', 'female');
INSERT INTO ums.user (id, name, gender) VALUES (34, 'Mr. Ryan Sanchez', 'female');
INSERT INTO ums.user (id, name, gender) VALUES (35, 'Autumn Robinson', 'female');
INSERT INTO ums.user (id, name, gender) VALUES (36, 'Faith Cabrera', 'other');
INSERT INTO ums.user (id, name, gender) VALUES (37, 'Charles Wolfe', 'other');
INSERT INTO ums.user (id, name, gender) VALUES (38, 'Kenneth Kent', 'male');
INSERT INTO ums.user (id, name, gender) VALUES (39, 'Melanie Johnson', 'other');
INSERT INTO ums.user (id, name, gender) VALUES (40, 'Lisa Johnston', 'female');
INSERT INTO ums.user (id, name, gender) VALUES (41, 'Jacob Hooper', 'female');
INSERT INTO ums.user (id, name, gender) VALUES (42, 'Alex Woodward', 'other');
INSERT INTO ums.user (id, name, gender) VALUES (43, 'Caleb Clark', 'female');
INSERT INTO ums.user (id, name, gender) VALUES (44, 'Taylor Johnson', 'male');
INSERT INTO ums.user (id, name, gender) VALUES (45, 'Brian Green', 'other');
INSERT INTO ums.user (id, name, gender) VALUES (46, 'Matthew Bell', 'male');
INSERT INTO ums.user (id, name, gender) VALUES (47, 'Jonathan Williams', 'male');
INSERT INTO ums.user (id, name, gender) VALUES (48, 'William Gonzalez', 'other');
INSERT INTO ums.user (id, name, gender) VALUES (49, 'Nicholas Massey', 'female');
INSERT INTO ums.user (id, name, gender) VALUES (50, 'Caroline Chambers', 'other');
INSERT INTO ums.user (id, name, gender) VALUES (51, 'Amy Lowe', 'other');
INSERT INTO ums.user (id, name, gender) VALUES (52, 'Gloria King', 'other');
INSERT INTO ums.user (id, name, gender) VALUES (53, 'Jessica Thompson', 'male');
INSERT INTO ums.user (id, name, gender) VALUES (54, 'Jason Carroll', 'other');
INSERT INTO ums.user (id, name, gender) VALUES (55, 'Emily Howard', 'female');
INSERT INTO ums.user (id, name, gender) VALUES (56, 'Danielle Castro', 'female');
INSERT INTO ums.user (id, name, gender) VALUES (57, 'Patrick Rogers', 'male');
INSERT INTO ums.user (id, name, gender) VALUES (58, 'Douglas Allen', 'other');
INSERT INTO ums.user (id, name, gender) VALUES (59, 'Heather Roberts', 'female');
INSERT INTO ums.user (id, name, gender) VALUES (60, 'Travis Schultz', 'other');
INSERT INTO ums.user (id, name, gender) VALUES (61, 'Michelle Hughes', 'male');
INSERT INTO ums.user (id, name, gender) VALUES (62, 'Matthew Smith', 'male');
INSERT INTO ums.user (id, name, gender) VALUES (63, 'George Allen', 'other');
INSERT INTO ums.user (id, name, gender) VALUES (64, 'Jamie Hutchinson', 'male');
INSERT INTO ums.user (id, name, gender) VALUES (65, 'Jennifer Morales', 'male');
INSERT INTO ums.user (id, name, gender) VALUES (66, 'Jennifer Bates', 'male');
INSERT INTO ums.user (id, name, gender) VALUES (67, 'Jeremy Green', 'other');
INSERT INTO ums.user (id, name, gender) VALUES (68, 'Joseph Freeman', 'female');
INSERT INTO ums.user (id, name, gender) VALUES (69, 'Nicole Henson', 'male');
INSERT INTO ums.user (id, name, gender) VALUES (70, 'Eric Owens PhD', 'male');
INSERT INTO ums.user (id, name, gender) VALUES (71, 'Robin Lopez', 'female');
INSERT INTO ums.user (id, name, gender) VALUES (72, 'Miss Angela Swanson DVM', 'other');
INSERT INTO ums.user (id, name, gender) VALUES (73, 'Michael Stewart', 'female');
INSERT INTO ums.user (id, name, gender) VALUES (74, 'Mitchell Smith', 'male');
INSERT INTO ums.user (id, name, gender) VALUES (75, 'Kelsey Davis', 'female');
INSERT INTO ums.user (id, name, gender) VALUES (76, 'Matthew Russo', 'other');
INSERT INTO ums.user (id, name, gender) VALUES (77, 'William Garcia', 'female');
INSERT INTO ums.user (id, name, gender) VALUES (78, 'Jennifer Miller', 'other');
INSERT INTO ums.user (id, name, gender) VALUES (79, 'Jesse Sparks', 'male');
INSERT INTO ums.user (id, name, gender) VALUES (80, 'Brandi Meyer', 'other');
INSERT INTO ums.user (id, name, gender) VALUES (81, 'Hannah Wiggins', 'female');
INSERT INTO ums.user (id, name, gender) VALUES (82, 'Albert Williams', 'other');
INSERT INTO ums.user (id, name, gender) VALUES (83, 'Kristin Potts', 'male');
INSERT INTO ums.user (id, name, gender) VALUES (84, 'Susan Williams', 'other');
INSERT INTO ums.user (id, name, gender) VALUES (85, 'Meredith Rios', 'other');
INSERT INTO ums.user (id, name, gender) VALUES (86, 'Stephanie Bowman', 'other');
INSERT INTO ums.user (id, name, gender) VALUES (87, 'Joshua Clark', 'female');
INSERT INTO ums.user (id, name, gender) VALUES (88, 'Alexa Hernandez', 'female');
INSERT INTO ums.user (id, name, gender) VALUES (89, 'Richard Higgins', 'male');
INSERT INTO ums.user (id, name, gender) VALUES (90, 'Marc Williams', 'other');
INSERT INTO ums.user (id, name, gender) VALUES (91, 'William Roberts', 'female');
INSERT INTO ums.user (id, name, gender) VALUES (92, 'Joshua Carter', 'female');
INSERT INTO ums.user (id, name, gender) VALUES (93, 'David Williams', 'other');
INSERT INTO ums.user (id, name, gender) VALUES (94, 'Joseph Jones', 'male');
INSERT INTO ums.user (id, name, gender) VALUES (95, 'Gary Perry', 'female');
INSERT INTO ums.user (id, name, gender) VALUES (96, 'Terry Wells', 'male');
INSERT INTO ums.user (id, name, gender) VALUES (97, 'Vanessa Cooper', 'male');
INSERT INTO ums.user (id, name, gender) VALUES (98, 'Michael Simmons', 'male');
INSERT INTO ums.user (id, name, gender) VALUES (99, 'Nicholas Kline', 'male');
INSERT INTO ums.user (id, name, gender) VALUES (100, 'Lori Bennett', 'other');
INSERT INTO booking.booking (id, checkin_date, checkout_date, user_id) VALUES (1, '2025-06-09', '2025-06-12', 1);
INSERT INTO booking.booking (id, checkin_date, checkout_date, user_id) VALUES (2, '2025-06-03', '2025-06-04', 2);
INSERT INTO booking.booking (id, checkin_date, checkout_date, user_id) VALUES (3, '2025-05-21', '2025-05-23', 3);
INSERT INTO booking.booking (id, checkin_date, checkout_date, user_id) VALUES (4, '2025-06-16', '2025-06-18', 4);
INSERT INTO booking.booking (id, checkin_date, checkout_date, user_id) VALUES (5, '2025-06-17', '2025-06-18', 5);
INSERT INTO booking.booking (id, checkin_date, checkout_date, user_id) VALUES (6, '2025-06-14', '2025-06-15', 6);
INSERT INTO booking.booking (id, checkin_date, checkout_date, user_id) VALUES (7, '2025-06-16', '2025-06-21', 7);
INSERT INTO booking.booking (id, checkin_date, checkout_date, user_id) VALUES (8, '2025-06-09', '2025-06-13', 8);
INSERT INTO booking.booking (id, checkin_date, checkout_date, user_id) VALUES (9, '2025-06-14', '2025-06-19', 9);
INSERT INTO booking.booking (id, checkin_date, checkout_date, user_id) VALUES (10, '2025-05-27', '2025-06-01', 10);
INSERT INTO booking.booking (id, checkin_date, checkout_date, user_id) VALUES (11, '2025-06-13', '2025-06-15', 11);
INSERT INTO booking.booking (id, checkin_date, checkout_date, user_id) VALUES (12, '2025-06-15', '2025-06-17', 12);
INSERT INTO booking.booking (id, checkin_date, checkout_date, user_id) VALUES (13, '2025-06-16', '2025-06-21', 13);
INSERT INTO booking.booking (id, checkin_date, checkout_date, user_id) VALUES (14, '2025-06-14', '2025-06-18', 14);
INSERT INTO booking.booking (id, checkin_date, checkout_date, user_id) VALUES (15, '2025-06-06', '2025-06-09', 15);
INSERT INTO booking.booking (id, checkin_date, checkout_date, user_id) VALUES (16, '2025-06-02', '2025-06-06', 16);
INSERT INTO booking.booking (id, checkin_date, checkout_date, user_id) VALUES (17, '2025-06-09', '2025-06-12', 17);
INSERT INTO booking.booking (id, checkin_date, checkout_date, user_id) VALUES (18, '2025-05-21', '2025-05-24', 18);
INSERT INTO booking.booking (id, checkin_date, checkout_date, user_id) VALUES (19, '2025-06-07', '2025-06-08', 19);
INSERT INTO booking.booking (id, checkin_date, checkout_date, user_id) VALUES (20, '2025-06-03', '2025-06-08', 20);
INSERT INTO booking.booking (id, checkin_date, checkout_date, user_id) VALUES (21, '2025-06-08', '2025-06-11', 21);
INSERT INTO booking.booking (id, checkin_date, checkout_date, user_id) VALUES (22, '2025-06-15', '2025-06-17', 22);
INSERT INTO booking.booking (id, checkin_date, checkout_date, user_id) VALUES (23, '2025-05-26', '2025-05-27', 23);
INSERT INTO booking.booking (id, checkin_date, checkout_date, user_id) VALUES (24, '2025-06-11', '2025-06-14', 24);
INSERT INTO booking.booking (id, checkin_date, checkout_date, user_id) VALUES (25, '2025-05-22', '2025-05-24', 25);
INSERT INTO booking.booking (id, checkin_date, checkout_date, user_id) VALUES (26, '2025-05-30', '2025-06-01', 26);
INSERT INTO booking.booking (id, checkin_date, checkout_date, user_id) VALUES (27, '2025-05-29', '2025-06-02', 27);
INSERT INTO booking.booking (id, checkin_date, checkout_date, user_id) VALUES (28, '2025-06-14', '2025-06-15', 28);
INSERT INTO booking.booking (id, checkin_date, checkout_date, user_id) VALUES (29, '2025-05-22', '2025-05-24', 29);
INSERT INTO booking.booking (id, checkin_date, checkout_date, user_id) VALUES (30, '2025-06-15', '2025-06-17', 30);
INSERT INTO booking.booking (id, checkin_date, checkout_date, user_id) VALUES (31, '2025-05-20', '2025-05-25', 31);
INSERT INTO booking.booking (id, checkin_date, checkout_date, user_id) VALUES (32, '2025-06-08', '2025-06-13', 32);
INSERT INTO booking.booking (id, checkin_date, checkout_date, user_id) VALUES (33, '2025-06-07', '2025-06-08', 33);
INSERT INTO booking.booking (id, checkin_date, checkout_date, user_id) VALUES (34, '2025-05-19', '2025-05-20', 34);
INSERT INTO booking.booking (id, checkin_date, checkout_date, user_id) VALUES (35, '2025-06-08', '2025-06-10', 35);
INSERT INTO booking.booking (id, checkin_date, checkout_date, user_id) VALUES (36, '2025-06-07', '2025-06-12', 36);
INSERT INTO booking.booking (id, checkin_date, checkout_date, user_id) VALUES (37, '2025-05-22', '2025-05-26', 37);
INSERT INTO booking.booking (id, checkin_date, checkout_date, user_id) VALUES (38, '2025-05-21', '2025-05-24', 38);
INSERT INTO booking.booking (id, checkin_date, checkout_date, user_id) VALUES (39, '2025-06-14', '2025-06-15', 39);
INSERT INTO booking.booking (id, checkin_date, checkout_date, user_id) VALUES (40, '2025-05-20', '2025-05-25', 40);
INSERT INTO booking.booking (id, checkin_date, checkout_date, user_id) VALUES (41, '2025-05-19', '2025-05-21', 41);
INSERT INTO booking.booking (id, checkin_date, checkout_date, user_id) VALUES (42, '2025-05-24', '2025-05-25', 42);
INSERT INTO booking.booking (id, checkin_date, checkout_date, user_id) VALUES (43, '2025-06-03', '2025-06-05', 43);
INSERT INTO booking.booking (id, checkin_date, checkout_date, user_id) VALUES (44, '2025-06-11', '2025-06-12', 44);
INSERT INTO booking.booking (id, checkin_date, checkout_date, user_id) VALUES (45, '2025-06-17', '2025-06-18', 45);
INSERT INTO booking.booking (id, checkin_date, checkout_date, user_id) VALUES (46, '2025-06-05', '2025-06-09', 46);
INSERT INTO booking.booking (id, checkin_date, checkout_date, user_id) VALUES (47, '2025-06-07', '2025-06-08', 47);
INSERT INTO booking.booking (id, checkin_date, checkout_date, user_id) VALUES (48, '2025-06-14', '2025-06-17', 48);
INSERT INTO booking.booking (id, checkin_date, checkout_date, user_id) VALUES (49, '2025-05-21', '2025-05-23', 49);
INSERT INTO booking.booking (id, checkin_date, checkout_date, user_id) VALUES (50, '2025-05-21', '2025-05-24', 50);
INSERT INTO booking.booking (id, checkin_date, checkout_date, user_id) VALUES (51, '2025-05-30', '2025-06-03', 51);
INSERT INTO booking.booking (id, checkin_date, checkout_date, user_id) VALUES (52, '2025-05-24', '2025-05-25', 52);
INSERT INTO booking.booking (id, checkin_date, checkout_date, user_id) VALUES (53, '2025-06-04', '2025-06-08', 53);
INSERT INTO booking.booking (id, checkin_date, checkout_date, user_id) VALUES (54, '2025-05-20', '2025-05-25', 54);
INSERT INTO booking.booking (id, checkin_date, checkout_date, user_id) VALUES (55, '2025-05-22', '2025-05-26', 55);
INSERT INTO booking.booking (id, checkin_date, checkout_date, user_id) VALUES (56, '2025-05-25', '2025-05-28', 56);
INSERT INTO booking.booking (id, checkin_date, checkout_date, user_id) VALUES (57, '2025-05-30', '2025-06-03', 57);
INSERT INTO booking.booking (id, checkin_date, checkout_date, user_id) VALUES (58, '2025-06-14', '2025-06-19', 58);
INSERT INTO booking.booking (id, checkin_date, checkout_date, user_id) VALUES (59, '2025-05-24', '2025-05-26', 59);
INSERT INTO booking.booking (id, checkin_date, checkout_date, user_id) VALUES (60, '2025-06-12', '2025-06-13', 60);
INSERT INTO booking.booking (id, checkin_date, checkout_date, user_id) VALUES (61, '2025-06-13', '2025-06-15', 61);
INSERT INTO booking.booking (id, checkin_date, checkout_date, user_id) VALUES (62, '2025-06-15', '2025-06-17', 62);
INSERT INTO booking.booking (id, checkin_date, checkout_date, user_id) VALUES (63, '2025-05-29', '2025-06-03', 63);
INSERT INTO booking.booking (id, checkin_date, checkout_date, user_id) VALUES (64, '2025-05-27', '2025-05-28', 64);
INSERT INTO booking.booking (id, checkin_date, checkout_date, user_id) VALUES (65, '2025-06-07', '2025-06-11', 65);
INSERT INTO booking.booking (id, checkin_date, checkout_date, user_id) VALUES (66, '2025-06-09', '2025-06-11', 66);
INSERT INTO booking.booking (id, checkin_date, checkout_date, user_id) VALUES (67, '2025-05-19', '2025-05-23', 67);
INSERT INTO booking.booking (id, checkin_date, checkout_date, user_id) VALUES (68, '2025-06-09', '2025-06-13', 68);
INSERT INTO booking.booking (id, checkin_date, checkout_date, user_id) VALUES (69, '2025-06-16', '2025-06-21', 69);
INSERT INTO booking.booking (id, checkin_date, checkout_date, user_id) VALUES (70, '2025-06-15', '2025-06-20', 70);
INSERT INTO booking.booking (id, checkin_date, checkout_date, user_id) VALUES (71, '2025-06-17', '2025-06-20', 71);
INSERT INTO booking.booking (id, checkin_date, checkout_date, user_id) VALUES (72, '2025-06-08', '2025-06-11', 72);
INSERT INTO booking.booking (id, checkin_date, checkout_date, user_id) VALUES (73, '2025-05-31', '2025-06-03', 73);
INSERT INTO booking.booking (id, checkin_date, checkout_date, user_id) VALUES (74, '2025-05-23', '2025-05-28', 74);
INSERT INTO booking.booking (id, checkin_date, checkout_date, user_id) VALUES (75, '2025-06-10', '2025-06-11', 75);
INSERT INTO booking.booking (id, checkin_date, checkout_date, user_id) VALUES (76, '2025-06-02', '2025-06-03', 76);
INSERT INTO booking.booking (id, checkin_date, checkout_date, user_id) VALUES (77, '2025-05-29', '2025-05-30', 77);
INSERT INTO booking.booking (id, checkin_date, checkout_date, user_id) VALUES (78, '2025-06-05', '2025-06-08', 78);
INSERT INTO booking.booking (id, checkin_date, checkout_date, user_id) VALUES (79, '2025-05-23', '2025-05-25', 79);
INSERT INTO booking.booking (id, checkin_date, checkout_date, user_id) VALUES (80, '2025-06-12', '2025-06-16', 80);
INSERT INTO booking.booking (id, checkin_date, checkout_date, user_id) VALUES (81, '2025-05-30', '2025-06-04', 81);
INSERT INTO booking.booking (id, checkin_date, checkout_date, user_id) VALUES (82, '2025-05-28', '2025-05-31', 82);
INSERT INTO booking.booking (id, checkin_date, checkout_date, user_id) VALUES (83, '2025-06-06', '2025-06-11', 83);
INSERT INTO booking.booking (id, checkin_date, checkout_date, user_id) VALUES (84, '2025-05-23', '2025-05-26', 84);
INSERT INTO booking.booking (id, checkin_date, checkout_date, user_id) VALUES (85, '2025-05-31', '2025-06-04', 85);
INSERT INTO booking.booking (id, checkin_date, checkout_date, user_id) VALUES (86, '2025-06-14', '2025-06-15', 86);
INSERT INTO booking.booking (id, checkin_date, checkout_date, user_id) VALUES (87, '2025-05-19', '2025-05-24', 87);
INSERT INTO booking.booking (id, checkin_date, checkout_date, user_id) VALUES (88, '2025-05-25', '2025-05-28', 88);
INSERT INTO booking.booking (id, checkin_date, checkout_date, user_id) VALUES (89, '2025-05-24', '2025-05-26', 89);
INSERT INTO booking.booking (id, checkin_date, checkout_date, user_id) VALUES (90, '2025-05-26', '2025-05-30', 90);
INSERT INTO booking.booking (id, checkin_date, checkout_date, user_id) VALUES (91, '2025-05-31', '2025-06-05', 91);
INSERT INTO booking.booking (id, checkin_date, checkout_date, user_id) VALUES (92, '2025-06-15', '2025-06-19', 92);
INSERT INTO booking.booking (id, checkin_date, checkout_date, user_id) VALUES (93, '2025-05-20', '2025-05-24', 93);
INSERT INTO booking.booking (id, checkin_date, checkout_date, user_id) VALUES (94, '2025-06-15', '2025-06-20', 94);
INSERT INTO booking.booking (id, checkin_date, checkout_date, user_id) VALUES (95, '2025-06-01', '2025-06-02', 95);
INSERT INTO booking.booking (id, checkin_date, checkout_date, user_id) VALUES (96, '2025-05-24', '2025-05-28', 96);
INSERT INTO booking.booking (id, checkin_date, checkout_date, user_id) VALUES (97, '2025-05-21', '2025-05-24', 97);
INSERT INTO booking.booking (id, checkin_date, checkout_date, user_id) VALUES (98, '2025-06-10', '2025-06-12', 98);
INSERT INTO booking.booking (id, checkin_date, checkout_date, user_id) VALUES (99, '2025-06-02', '2025-06-07', 99);
INSERT INTO booking.booking (id, checkin_date, checkout_date, user_id) VALUES (100, '2025-06-16', '2025-06-20', 100);
INSERT INTO notification.user_token (id, user_id, fcm_token) VALUES (2, 2, '16408169-a38d-4afc-bdd2-ed7af97ccc57');
INSERT INTO notification.user_token (id, user_id, fcm_token) VALUES (3, 3, '32b2c492-15ac-47a1-8eca-2ee310da8a95');
INSERT INTO notification.user_token (id, user_id, fcm_token) VALUES (4, 4, '62830869-0fa7-4e05-b897-4df5bff773ce');
INSERT INTO notification.user_token (id, user_id, fcm_token) VALUES (5, 5, '8e751eb7-64d0-4913-991b-8adf0202861c');
INSERT INTO notification.user_token (id, user_id, fcm_token) VALUES (6, 6, 'eb8f2056-72d3-4c5d-8a31-b24384dd6da6');
INSERT INTO notification.user_token (id, user_id, fcm_token) VALUES (7, 7, 'b6e355f6-95bb-440d-89cd-4af97d161f29');
INSERT INTO notification.user_token (id, user_id, fcm_token) VALUES (8, 8, '156af458-6c4c-4935-b79d-eda1ade6c5e9');
INSERT INTO notification.user_token (id, user_id, fcm_token) VALUES (10, 10, 'ffc573d5-fd0b-470e-b85a-f4635e4af862');
INSERT INTO notification.user_token (id, user_id, fcm_token) VALUES (11, 11, '2aa50f4e-c6f0-4933-95d1-805142cb6d1d');
INSERT INTO notification.user_token (id, user_id, fcm_token) VALUES (14, 14, '1d7173e5-5bc7-4deb-b123-4efe6e648043');
INSERT INTO notification.user_token (id, user_id, fcm_token) VALUES (15, 15, 'da54f267-dd13-4266-926d-53961058fe8c');
INSERT INTO notification.user_token (id, user_id, fcm_token) VALUES (16, 16, '869bdbd2-e72b-45b7-8712-0911b3b68b57');
INSERT INTO notification.user_token (id, user_id, fcm_token) VALUES (18, 18, '33a1d1c2-ad4a-4155-809f-cd8f739cd488');
INSERT INTO notification.user_token (id, user_id, fcm_token) VALUES (19, 19, '41a8a6e1-65e0-4993-bf41-1fed1e70e799');
INSERT INTO notification.user_token (id, user_id, fcm_token) VALUES (20, 20, 'ff3e0ba1-0ac7-48b4-a418-65bf350d278d');
INSERT INTO notification.user_token (id, user_id, fcm_token) VALUES (21, 21, '9f982188-3744-4a64-8c24-9558f2ad985f');
INSERT INTO notification.user_token (id, user_id, fcm_token) VALUES (23, 23, '755a3ac1-32ae-4a20-9ac9-02ee25777cf0');
INSERT INTO notification.user_token (id, user_id, fcm_token) VALUES (24, 24, 'd3b564b0-8be0-4c3e-9c94-938160c6b3ed');
INSERT INTO notification.user_token (id, user_id, fcm_token) VALUES (25, 25, '98a33736-fd1a-47ce-9ad0-a6f226bdd974');
INSERT INTO notification.user_token (id, user_id, fcm_token) VALUES (26, 26, '905c053b-25fd-4cbe-bce7-1b48fba52e59');
INSERT INTO notification.user_token (id, user_id, fcm_token) VALUES (27, 27, '6c596216-ae0f-4bc8-a36b-cb0167e98363');
INSERT INTO notification.user_token (id, user_id, fcm_token) VALUES (28, 28, 'ade7cef3-7ed2-4c2f-856f-3d95e0ae1a1b');
INSERT INTO notification.user_token (id, user_id, fcm_token) VALUES (29, 29, 'd5627386-528c-4241-a345-ac72eac39204');
INSERT INTO notification.user_token (id, user_id, fcm_token) VALUES (30, 30, 'a2939b3b-7fa7-4d8a-bf88-ec827f99d273');
INSERT INTO notification.user_token (id, user_id, fcm_token) VALUES (31, 31, '8af58903-33b5-43ce-9fec-4623ab899605');
INSERT INTO notification.user_token (id, user_id, fcm_token) VALUES (33, 33, '027c013f-3801-4399-ae6a-8e2f9c19ed34');
INSERT INTO notification.user_token (id, user_id, fcm_token) VALUES (34, 34, 'bf3df0bb-f66a-4168-b4a1-ca795718ada2');
INSERT INTO notification.user_token (id, user_id, fcm_token) VALUES (36, 36, '52631db9-d170-44ce-9179-7350e6256403');
INSERT INTO notification.user_token (id, user_id, fcm_token) VALUES (37, 37, 'dfde2281-25fb-4f3d-866d-7002091472ad');
INSERT INTO notification.user_token (id, user_id, fcm_token) VALUES (38, 38, '27e969e2-c8bf-43fb-9a43-1f7a41c30359');
INSERT INTO notification.user_token (id, user_id, fcm_token) VALUES (39, 39, '4b5ca436-953c-478e-a106-7a8cd7a3283c');
INSERT INTO notification.user_token (id, user_id, fcm_token) VALUES (40, 40, '786e30ef-ce9b-4e70-b4d4-dfccb7d779cc');
INSERT INTO notification.user_token (id, user_id, fcm_token) VALUES (41, 41, '843b2a7d-15ab-4c21-8cc9-3ff710fce97d');
INSERT INTO notification.user_token (id, user_id, fcm_token) VALUES (42, 42, '10fc9eee-0a17-47f7-aa5f-24b6de6fec4b');
INSERT INTO notification.user_token (id, user_id, fcm_token) VALUES (43, 43, '4cea2df0-0a66-4c4e-a168-1081399f8a8f');
INSERT INTO notification.user_token (id, user_id, fcm_token) VALUES (44, 44, '72d6bc20-d80d-4a1c-8247-2fd603e9ba02');
INSERT INTO notification.user_token (id, user_id, fcm_token) VALUES (45, 45, 'ccf719ab-2922-4bd8-9ca5-b35354a1d505');
INSERT INTO notification.user_token (id, user_id, fcm_token) VALUES (46, 46, '75f2bc20-a7f5-495c-9e62-d43f261908b9');
INSERT INTO notification.user_token (id, user_id, fcm_token) VALUES (47, 47, '61d9fe39-8147-48f4-9f0e-f320f7f60e7f');
INSERT INTO notification.user_token (id, user_id, fcm_token) VALUES (48, 48, '089b30a0-809f-4923-87a1-798fe6addd9e');
INSERT INTO notification.user_token (id, user_id, fcm_token) VALUES (49, 49, 'cb4d18d6-adb6-4a35-9734-a26c92e94e89');
INSERT INTO notification.user_token (id, user_id, fcm_token) VALUES (50, 50, '99a2ecb1-c202-487b-849b-8a44ce1bb02a');
INSERT INTO notification.user_token (id, user_id, fcm_token) VALUES (51, 51, '6d265dd8-bf39-4fbb-938c-3460fd938adc');
INSERT INTO notification.user_token (id, user_id, fcm_token) VALUES (52, 52, '4a276dda-34c3-494a-812e-a9b8e7e13ed8');
INSERT INTO notification.user_token (id, user_id, fcm_token) VALUES (54, 54, '6af79ad2-993e-48c6-a6b1-06e289110af0');
INSERT INTO notification.user_token (id, user_id, fcm_token) VALUES (55, 55, 'd872298c-7b72-490b-b8f8-f071d360da69');
INSERT INTO notification.user_token (id, user_id, fcm_token) VALUES (56, 56, '9b8086da-6379-4035-b8e4-5086ca819c6f');
INSERT INTO notification.user_token (id, user_id, fcm_token) VALUES (57, 57, 'dd620222-d9ef-428b-bbcb-50b3961d8dcf');
INSERT INTO notification.user_token (id, user_id, fcm_token) VALUES (58, 58, 'e2a01335-a830-43ab-853e-4b42cc4da021');
INSERT INTO notification.user_token (id, user_id, fcm_token) VALUES (59, 59, '4d6cd782-2e95-43ea-bda1-7da2000fc63d');
INSERT INTO notification.user_token (id, user_id, fcm_token) VALUES (60, 60, '552ae5ca-4124-405b-91fc-fe8881c16e98');
INSERT INTO notification.user_token (id, user_id, fcm_token) VALUES (61, 61, '4312ece2-dc21-41e1-be56-ac3d10cc8711');
INSERT INTO notification.user_token (id, user_id, fcm_token) VALUES (62, 62, 'c5c14262-4d84-4ec5-9334-886ff164f9d8');
INSERT INTO notification.user_token (id, user_id, fcm_token) VALUES (63, 63, '6238d0a0-cf5e-4ea3-a258-4ab368777bab');
INSERT INTO notification.user_token (id, user_id, fcm_token) VALUES (64, 64, 'ef7e85ec-a417-456f-a9ee-7f3d0ff030b8');
INSERT INTO notification.user_token (id, user_id, fcm_token) VALUES (65, 65, 'babd4745-497e-4f1a-bd2b-f042209818d1');
INSERT INTO notification.user_token (id, user_id, fcm_token) VALUES (66, 66, 'f11ddff7-0e37-4526-9582-a3bdd476fe38');
INSERT INTO notification.user_token (id, user_id, fcm_token) VALUES (67, 67, '2412579d-6af9-44e0-bb38-785b0932f5b6');
INSERT INTO notification.user_token (id, user_id, fcm_token) VALUES (68, 68, '9a1a7d6f-dd02-4100-a3d4-84087de8a234');
INSERT INTO notification.user_token (id, user_id, fcm_token) VALUES (69, 69, 'b2ddc481-ac6d-4df8-94e5-064cb799ae8e');
INSERT INTO notification.user_token (id, user_id, fcm_token) VALUES (70, 70, '5a4f4145-fc98-4279-8f6f-111c26c06e67');
INSERT INTO notification.user_token (id, user_id, fcm_token) VALUES (71, 71, '775e0ec3-9c9d-43f3-8901-8aee69407be7');
INSERT INTO notification.user_token (id, user_id, fcm_token) VALUES (72, 72, '19faa06e-0c0a-4967-b579-501a62fda854');
INSERT INTO notification.user_token (id, user_id, fcm_token) VALUES (73, 73, '052daad3-26c0-4984-8734-bb05788c31f6');
INSERT INTO notification.user_token (id, user_id, fcm_token) VALUES (75, 75, '21f8c156-9e0d-445b-992a-34a1084fa819');
INSERT INTO notification.user_token (id, user_id, fcm_token) VALUES (76, 76, 'b3386c3e-1af4-487f-92eb-dac5a1457899');
INSERT INTO notification.user_token (id, user_id, fcm_token) VALUES (77, 77, '31e9ca80-58bf-4b9e-a624-5b598c94af98');
INSERT INTO notification.user_token (id, user_id, fcm_token) VALUES (79, 79, 'c707aef9-c6c3-444c-888e-03b662276cbc');
INSERT INTO notification.user_token (id, user_id, fcm_token) VALUES (80, 80, '0f66b32d-e19b-4837-9c6a-4b5e7d859725');
INSERT INTO notification.user_token (id, user_id, fcm_token) VALUES (81, 81, '9d44c93e-7799-48e2-b368-c5539c30ceaa');
INSERT INTO notification.user_token (id, user_id, fcm_token) VALUES (82, 82, 'a6855857-567e-4862-af15-1673a1df3da7');
INSERT INTO notification.user_token (id, user_id, fcm_token) VALUES (83, 83, 'b6af98b2-aeba-42d0-b830-32491fd3af07');
INSERT INTO notification.user_token (id, user_id, fcm_token) VALUES (84, 84, 'd960af85-c9df-4e44-8bdf-fa7d9f3dd894');
INSERT INTO notification.user_token (id, user_id, fcm_token) VALUES (85, 85, '633cbf79-e96a-41af-b55e-3aa2208a393e');
INSERT INTO notification.user_token (id, user_id, fcm_token) VALUES (86, 86, 'beebb4ea-eab9-421b-8b36-b545cca1a034');
INSERT INTO notification.user_token (id, user_id, fcm_token) VALUES (87, 87, 'fbbff9e0-ae56-402a-b521-ca9fdf5e6f78');
INSERT INTO notification.user_token (id, user_id, fcm_token) VALUES (88, 88, 'dc45488d-84dd-49b9-9f1e-0ee9cf6c9992');
INSERT INTO notification.user_token (id, user_id, fcm_token) VALUES (89, 89, '09c67417-306a-4871-beef-71cbc915d113');
INSERT INTO notification.user_token (id, user_id, fcm_token) VALUES (90, 90, '5f1ff97c-71cf-4814-a45b-d776c838a145');
INSERT INTO notification.user_token (id, user_id, fcm_token) VALUES (91, 91, '5b471c43-7499-428c-b0c3-2323c1b199c4');
INSERT INTO notification.user_token (id, user_id, fcm_token) VALUES (92, 92, 'f4dd05d5-1349-447a-a1cb-a182ca20854d');
INSERT INTO notification.user_token (id, user_id, fcm_token) VALUES (93, 93, '0a3c2c6f-ef2d-4a38-a6e4-b8df0b6d9611');
INSERT INTO notification.user_token (id, user_id, fcm_token) VALUES (94, 94, '06d2ed7c-e6ac-4d8a-8160-ff927c7550f2');
INSERT INTO notification.user_token (id, user_id, fcm_token) VALUES (95, 95, '91bacf80-aaa0-4996-8522-dc4ef1dd50bf');
INSERT INTO notification.user_token (id, user_id, fcm_token) VALUES (96, 96, '3acaaf82-374a-4cc9-a039-7e67926146de');
INSERT INTO notification.user_token (id, user_id, fcm_token) VALUES (97, 97, 'e27ac8e9-d1c3-41bc-86be-643217ee0eb0');
INSERT INTO notification.user_token (id, user_id, fcm_token) VALUES (98, 98, '809e2109-c786-4a38-a09f-1aede38690e7');
INSERT INTO notification.user_token (id, user_id, fcm_token) VALUES (99, 99, '81d1bf06-6b8c-46f2-8611-f583b2d10e3d');
INSERT INTO notification.user_token (id, user_id, fcm_token) VALUES (100, 100, '254bf7ae-1d0a-4994-b20b-575d4e28e674');



